sintomas,nombre,apellido,dni
13,Georgiana,Chastagnier,56-3200065
2,Natividad,Verna,68-8804753
0,Haily,Bernaert,79-7362179
13,Solomon,Pendlebury,79-9408465
5,Ephrayim,Mungan,62-0191932
6,Brier,Pitrollo,65-5940039
13,Carolynn,Scales,65-8253253
15,Kenny,Bevar,96-3984187
0,Violet,Tosdevin,90-4725819
4,Kylila,Danihelka,44-0590424
16,Bertina,Woolger,66-3700589
12,Taite,Friberg,07-1965591
0,Paton,Clancy,26-3906533
15,Conny,Woolatt,53-7254000
0,Stephani,Benedite,15-8870970
8,Rozella,McCreery,86-1499780
12,Nolana,Pepineaux,08-6631852
1,Leese,Ould,96-7623392
0,Jehu,Aulds,81-8462098
1,Valaria,Cowern,02-6592144
6,Emmaline,Yokley,08-4466875
2,Chauncey,Jentzsch,65-0744642
16,Allister,Doulton,34-4756868
4,Eudora,Soutar,67-3839677
16,Jerrylee,Emanuele,36-9165682
13,Carolynn,Meineken,17-4657395
11,Sari,Silvermann,61-9289820
6,Martita,Kinchley,46-6643813
5,Bette,Foston,90-8851024
6,Noelani,Quarrington,78-2507598
14,Claire,Symcoxe,64-4741891
15,Cindy,Shapcote,92-6240657
12,Coral,Casemore,29-6440432
0,Randie,Jorgensen,54-5393175
0,Granthem,Boarder,90-8201574
1,Noby,Endersby,36-8908088
10,Angel,Deary,89-1770049
13,Sue,Coveley,05-7121272
0,Noland,Caldeiro,77-8654075
2,Chiquita,Showering,05-1186747
14,Jervis,Heinssen,44-0706249
0,Padget,Tregensoe,66-4089908
13,Miguel,Flintoft,04-9939946
0,Ruddie,Strange,99-4691401
11,Prissie,Sykes,17-3572577
14,Serge,Mulberry,56-9405846
0,Faustina,Chicco,67-8433683
13,Nicholle,Harkus,13-5571304
13,Kayle,Delia,61-5241062
5,Tiler,Lewzey,31-0231093
8,Estele,Crease,02-1390666
7,Hoyt,Ivakhnov,91-4061520
9,Putnem,McCoy,08-3676807
7,Fiorenze,Denning,33-8141080
1,Opaline,Edmead,02-9494160
0,Traver,Northill,14-4936650
0,Hobart,Thebeaud,30-1906436
10,Cosetta,Inchcomb,08-7756462
15,Urbano,Lamers,32-5651546
0,Kathrine,Crosthwaite,79-3465043
11,Gabriel,Hubatsch,06-5782324
10,Avie,Pencot,21-6900613
0,Herve,Maylam,92-7167663
8,Merrile,Grestie,66-6881353
0,Barnett,MacCall,55-5226583
0,Nissie,Sweetzer,75-1653210
14,Barton,Sanchez,67-8739448
4,Aida,Sailor,27-2535042
16,Parnell,O'Corrane,27-3607576
4,Lura,Willicott,97-1239133
1,Pippa,Pigny,51-8636021
1,Cristy,Juggins,92-4967863
4,Ring,Ordish,01-6432145
7,Willyt,Morde,26-1509575
10,Gloriana,Alam,04-5543489
0,Valle,Embleton,29-2901109
13,Stacy,Deyes,81-8622946
4,Nessi,Manz,95-2025079
2,Diarmid,Tomaszewski,74-5610960
7,Bibby,Trainor,34-0910455
1,Bernie,Petrulis,53-6835183
5,Jeralee,Heasman,29-4376707
9,Jojo,Von Der Empten,08-4166897
14,Rockey,Bundock,95-7395855
6,Sheffie,Dyneley,03-0029060
1,Kali,Dykes,61-3103862
7,Kelcey,Algore,03-3477549
6,Henri,Rigden,52-4442500
0,Adeline,Dunklee,46-4587204
12,Felizio,Wrought,92-9176421
14,Jaquelyn,Gillingham,82-3466946
0,Morley,Clougher,51-5009741
5,Don,De Clairmont,83-4441140
0,Jennifer,McLaughlan,10-0660314
0,Nanny,Samsin,09-8549533
0,Gris,Mathan,91-1165651
0,Finn,McLachlan,93-5276996
15,Asher,Torra,99-0523782
0,Wilt,Handmore,01-8327234
3,Dill,Tommasetti,40-9420964
8,Domini,Malacrida,95-3786456
13,Teri,Yearnes,68-2745222
2,Carce,Burrows,60-6451704
12,Wilt,Gilleson,18-8643649
9,Oneida,Haacker,40-5912144
16,Brit,Blanchflower,88-9822047
14,Marjy,Sans,47-1405121
16,Ham,Scargle,99-2404934
16,Baillie,Olin,16-0811435
3,Barby,Johansson,47-9787079
16,Reeta,Scobbie,40-7015506
0,Innis,Guillerman,51-3490405
16,Oralle,Drescher,16-2506741
14,Nathanil,Whellams,03-5007833
8,Marysa,Vanyutin,61-4724861
10,Elysee,Yorke,76-8326814
6,Cherise,Mikalski,79-8005782
15,Sid,Wisniowski,50-7533523
0,Emelen,Petasch,83-5733900
15,Pate,Rehme,82-9520775
0,Hillier,Bonde,18-5319235
12,Zach,Rowles,03-3773341
5,Dillon,Ollivierre,07-2305089
7,Belle,Croose,79-8566601
4,Catharine,Mardle,02-1781015
10,Kessiah,Olyfat,26-5106443
0,Laraine,Simms,46-5192760
16,Crystal,Eicheler,03-3920091
11,Ly,Sollam,21-3387788
7,Edita,Sercombe,34-5333072
16,Rowland,Leadston,16-0175362
16,Ashleigh,Avramow,20-2726517
6,Luis,Hadwick,14-9330025
15,Cherilyn,Pignon,64-6753869
5,Alessandro,Franceschelli,66-8228665
8,Lissy,Mushart,08-4081160
15,Justus,Cutcliffe,17-8645072
16,Phaidra,Chaffey,66-3890944
15,Chrysler,Regina,22-6815369
8,Sheff,MacCague,35-4743412
12,Trev,Velde,12-6551283
0,Alvan,Pash,36-2782182
7,Stafford,Berryann,41-4558401
14,Brendan,Miller,72-7739917
16,Kinny,Geroldo,56-8865044
9,Morrie,Vinker,07-1144324
0,Jayme,Dranfield,30-4223019
9,Gabie,Reddan,81-9607726
8,Sarene,Attenborrow,85-9654706
9,Frannie,Dimitresco,25-1215097
13,Kristy,Christophle,23-8956148
8,Ofella,Bertelet,99-3510445
1,Quincey,Postlewhite,98-1277765
3,Constance,Alldread,31-6281235
8,Lodovico,Beartup,16-8316792
14,Tresa,Gordon-Giles,57-3911542
0,Wyn,Swayte,67-6039804
4,Artemus,Surmeyers,56-3927480
5,Maddy,Glancy,72-3862786
7,Ricard,Cridge,50-3275709
7,Celka,Amberg,43-0583072
0,Guilbert,Maxwaile,20-2624643
3,Amara,Sinson,32-2146780
14,Powell,Kettridge,76-4424550
11,Ernestus,Maevela,39-6008672
4,Vidovic,Sandford,98-5802100
10,Lazar,Benning,74-4008644
16,Aeriell,Lodin,33-4791935
1,Ruthi,Hasard,53-2847289
15,Reagan,Szymanski,88-4110765
16,Pavla,Hurburt,03-6654665
7,Carlen,Willans,59-9704708
15,Pierrette,Eldritt,82-2512962
1,Devland,Coleford,67-0961919
0,Eldin,Alliberton,24-8338493
9,Lynett,Vousden,87-1387538
2,Pepillo,Cuttings,49-3145900
8,Wenona,Fairbrace,39-0198101
1,Querida,Isacke,38-9981867
12,Sonnie,Hedan,75-1103319
15,Dane,Kittoe,31-1601573
13,Meagan,Gotliffe,06-4237051
9,Clerkclaude,Carnalan,24-5784527
9,Regan,Bolver,41-3263011
0,Maynard,Scaice,30-3757447
3,Farlee,Keen,73-5758139
11,Darcee,Liccardo,96-7063116
6,Riannon,Crowdson,95-1323509
1,Riobard,Kingshott,53-3508042
16,Toma,Olivelli,18-3823579
2,Cassey,Darbishire,36-2537549
16,Haleigh,Bosnell,87-4561167
15,Celinda,Dirr,73-0880647
3,Rita,Tangye,32-1883090
6,Winnah,Dakhov,12-9807283
14,Fawnia,Seed,03-6646254
15,Evan,Bilbrey,93-7238280
7,Angelle,Neath,02-2502170
13,Sonny,Samwaye,53-5271467
7,Hettie,Banthorpe,46-6430309
1,Zorina,Helstrip,00-1488470
13,Cull,Lowther,18-7231691
5,Renee,Heino,75-5533699
11,Zelig,Boothebie,16-8633225
5,Des,Rumble,12-9225802
1,Northrup,Botger,08-7985767
4,Libby,Clother,07-7672498
2,Fletch,De Castri,61-7142901
16,Derril,Elies,84-6089046
14,Skylar,Tutt,51-0278140
9,Liliane,Booth-Jarvis,81-1494679
16,Darrin,Blunt,65-7406632
2,Nissy,Gameson,29-9092057
3,Norris,Becks,09-2205274
15,Chloette,O'Carney,28-6741544
7,Merwin,Gounin,77-1921118
16,Leanor,Minmagh,48-1190119
4,Angelina,McAmish,37-4654582
8,Alexandro,Rhule,58-2888846
10,Brina,Bassett,95-7024219
7,Park,Sawl,05-5859420
8,Eachelle,Cherry,66-3633400
8,Ilaire,Blumer,72-1672992
0,Reynold,Butner,82-6273897
16,Rube,Hellikes,37-0040920
13,Lyndsay,Scouse,43-6603263
0,Gerald,Tripney,04-9872285
0,Pamela,Walas,23-1823750
0,Micheil,Bills,06-7348883
16,Jayne,Gertz,09-7418607
10,Willy,Rubery,02-2208346
12,Allie,Troake,01-4711067
15,Danny,Giampietro,97-9299352
7,Bard,Bumpas,28-8342573
7,Errick,Ivanenkov,71-4238971
3,Thaxter,Barbara,23-9884200
2,Delly,Borsay,98-7161762
16,Gorden,O'Sesnane,12-8304188
4,Sileas,Rubinovici,30-2826607
1,Pembroke,Litchfield,97-3837597
8,Brennen,Sime,06-5281784
8,Nelia,Cobain,40-9057085
6,Ortensia,Habbergham,34-6081464
10,Melisenda,Rusling,46-7778382
9,Boony,Lightwing,67-5971597
7,Jaine,Querree,10-9621145
0,Aridatha,Oliffe,34-2689573
16,Anna-diana,Clappison,95-4344387
6,Aguistin,Gaule,28-1174130
0,Taylor,Minero,33-2851342
8,Noach,Grigoriscu,69-7056787
5,Kelley,Hailston,79-3265819
2,Karel,Poat,08-3483375
12,Ninette,Gogan,22-6555931
13,Jeremy,Ricold,46-9462802
10,Farly,Dignon,49-0443869
8,Gaby,Tilio,04-0016375
11,Olivero,Weben,09-4952865
15,Skye,Midden,44-9036483
13,Cathee,Pendrick,83-7477540
16,Dorree,MacIlory,87-1187614
12,Elladine,Phinnis,15-4558904
6,Heall,Macvain,60-5234776
16,Alice,Nye,01-0213205
2,Maria,Batrick,48-2822650
6,Bea,Quogan,16-0629899
0,Ambrosio,Wreford,36-8850442
7,Sheri,Vassar,45-8359481
16,Lindy,Epine,62-6011541
9,Freeman,Van den Oord,49-3221143
0,Trisha,Speddin,72-3897510
0,Wendeline,Brayn,61-3861768
5,Codi,Gladwell,83-8253564
12,Salim,Godlee,51-8102705
7,Linea,Wrigley,10-1262992
4,Kareem,Henrys,66-4821958
13,Paul,Rickertsen,85-5234163
16,Candis,Brunsden,41-0949579
0,Zulema,Giacobilio,44-6977575
3,Khalil,Trevor,95-5656974
0,Ronna,Standell,53-8760929
16,Winifield,Banks,18-2449328
7,Carly,Audibert,36-3123314
1,Tracie,Couthard,24-1690882
7,Celisse,Dukesbury,35-1983673
0,Ingaberg,Cottel,83-3157062
9,Ondrea,Lipyeat,98-5282257
13,Winne,Huggons,96-1169597
15,Charita,Filippov,01-5900087
1,Mariette,Alejandre,80-6242864
5,Donna,Baptie,19-7633753
16,Romain,Scutchin,72-9487912
7,Trixy,Linklet,47-4582265
2,Hadley,Dymock,65-4958653
3,Shane,Armand,64-5500655
7,Hube,Jannings,46-8584291
12,Ilse,Kinmond,02-3720056
14,Guilbert,Guitel,92-5262597
0,Raychel,Charrett,20-2763961
4,Hedda,Urien,36-1704796
0,Fionnula,Lissandrini,97-1639523
6,Dario,Barabisch,38-7906962
8,Carter,Hebard,33-5392428
6,Leyla,Spiring,53-9140032
13,Sergio,MacMarcuis,50-9532361
4,Batholomew,Di Pietro,25-0059248
0,Shep,Silwood,96-1624095
2,Missie,Heckner,05-8960628
7,Jesse,Alpe,34-9556165
8,Rodd,Lilie,76-9119151
2,Darsie,Ollerearnshaw,64-5691576
0,Monika,Verney,89-8837453
7,Hernando,Ollenbuttel,22-5636813
15,Nickolaus,Looby,94-7150989
12,Domenico,Raymont,29-0692152
9,Esdras,Osgodby,62-5297124
0,Ferrel,Asple,90-5732683
13,Arny,Richter,95-8106566
6,Aleen,Slocket,16-9851006
0,Jamaal,Robarts,40-3516041
0,Paddie,Lauridsen,17-6621575
16,Elnar,Edgar,60-0286627
0,Madison,Olczyk,58-1341532
0,Orsa,Major,29-4468592
15,Billye,Halsworth,78-7497425
12,Naoma,Matsell,40-2547221
10,Tanney,Gemeau,90-6204615
3,Stormy,Vogt,22-1756367
1,Myrna,Skellen,10-8082165
3,Grier,MacKimmie,83-6563934
2,Gabbey,Childs,12-5955802
14,Joachim,Acarson,60-7488177
16,Hayward,Seamans,17-3784466
3,Mac,Bebb,16-4032384
10,Florri,Harfleet,69-4468769
15,Minta,Minor,69-5202011
15,Garrick,Swanson,23-2256281
16,Mella,Shemmans,59-1782061
0,Leeann,Conroy,83-9125447
13,Helena,Liggens,93-7070158
9,Mala,Cordes,56-2370469
12,Shaylyn,Ormerod,49-9469841
0,Ola,Czapla,03-8795695
1,Coop,Little,74-7339816
16,Zared,Bowmer,24-7152014
13,Gradeigh,Leversuch,43-1152862
3,Wiley,Stive,02-7630109
11,Melicent,Stachini,27-5375484
9,Alla,Daniely,78-4017200
14,Edyth,Megarrell,45-0676919
0,Candy,Twell,31-0507283
16,Marty,Simo,40-0744300
4,Talyah,Jakuszewski,01-8748589
2,Odella,Camelli,52-4412638
11,Shannan,Sweetland,79-2638952
11,Joel,Scrowton,53-0359747
7,Marie-ann,Boobier,82-5133104
8,Quill,Dewitt,00-0396983
12,Selinda,Espadero,07-0376827
15,Richmound,Brisard,29-2650177
0,Eduino,Reddel,72-5398462
10,Barnebas,Dyers,47-0697825
0,Bentlee,Cradey,41-4363565
8,Ozzy,Dows,67-0645869
16,Lavena,Fellgate,93-9487911
4,Gloriane,Kolakovic,74-6604839
0,Gayle,Mulloch,48-2145446
12,Vincent,Impleton,67-6155085
6,Seymour,Karolewski,05-1256235
14,Lenna,Frensche,87-8759759
14,Alard,Slides,36-2890814
8,Janaya,Coomer,57-7678810
10,Chryste,Nisbet,47-1723088
7,Saraann,Burkman,15-2813287
4,Syd,Tamblyn,85-5945231
1,Brnaby,Chess,29-6893768
9,Ferdinand,Bountiff,65-4473110
2,Sheila,Springtorp,87-0667546
4,Roi,Iohananof,90-0667874
12,Morlee,Papierz,29-2446581
8,Aggie,Pitone,43-3661143
1,Lancelot,Blowin,56-8011329
16,Tanya,Dwane,70-1591366
9,Margalo,Corben,19-3373725
7,Padriac,Henze,40-4908739
5,Emilee,Chillistone,90-3702725
6,Jeffie,Spedroni,43-0333866
4,Ailyn,Iveans,74-2177510
16,Thorin,Retallack,41-7734567
15,Jade,Marwick,50-6891348
11,Marcellina,O'Fallon,73-2849778
7,Tarrah,Garthside,25-9924904
11,Lloyd,Ianinotti,69-2774466
4,Kassia,Thewless,86-0114977
0,Sunny,Eard,05-6702971
8,Gerta,Frigout,51-9312719
8,Kristo,Dosdell,95-0893035
8,Luca,Theuff,25-1447331
0,Lilla,Carabet,47-4968847
8,Florencia,Greener,98-4252605
0,Ferdinanda,Giacobbo,54-2351648
9,Kellina,Verrill,08-0170923
0,Rebecka,Milington,02-0459639
16,Calli,McPhilemy,22-9867134
0,Wendell,Goldson,37-3686530
12,Camey,Ottewell,82-7648771
16,Sauveur,Bulluck,02-8985409
16,Melonie,Ligerton,85-0456458
14,Nicki,Brockie,68-2595104
12,Tommi,Turban,59-8251639
2,Shurlocke,Paget,04-5515302
1,Ilyssa,Klemt,94-0542681
8,Gilbertine,Walaron,26-6752956
6,Cacilia,Khosa,54-6927250
5,Merill,Agg,63-7375643
9,Ada,True,26-8917839
14,Brenn,Pepperill,30-4230037
8,Kirstyn,Flemyng,90-3413219
16,Morie,Kelcey,25-1072722
11,Kitti,Yanele,00-3713641
9,Arlette,Chesters,28-8365540
12,Muire,Oakenfield,73-6585146
3,Meredith,Gerald,29-8406641
10,Bernadina,Shapiro,10-7258226
8,Valeria,Iacobo,94-4047679
6,Isabella,Schwaiger,76-0016887
13,Efren,Cust,64-2863495
16,Raina,Clifforth,19-6124337
9,Alejandrina,Beavis,37-1077943
3,Sasha,Mille,19-8333672
5,Evie,Langston,06-5071465
0,Norene,Matson,88-0403576
7,Locke,Daveren,39-9302279
12,Berta,Colerick,69-5474833
16,Blythe,Rosenstock,27-6519954
11,Maxy,Thexton,76-0263636
12,Lonni,Inglesfield,71-1168831
13,Everard,Matijasevic,19-8398307
0,Vivien,Dunphie,96-9691307
7,Pamela,Hobden,42-8127919
15,Herbie,Coultar,77-7036229
16,Dolli,Palffrey,94-4135198
0,Neils,Manntschke,89-4938673
0,Samson,Poleye,05-0949813
8,Lock,Gonneau,95-9671039
16,Dulcy,Cull,41-2847369
8,Cthrine,Dyer,39-8878515
10,Torrie,Shilton,08-4606568
6,Ashlan,Filoniere,42-3248788
3,Vicki,Hastings,65-5667644
14,Harley,Leonida,45-0164108
8,Jennilee,Rowe,35-9762865
10,Adolf,Cassin,78-6274721
7,Morganica,Allett,36-4039928
15,Sanders,MacAfee,09-7632220
14,Cacilie,Touret,13-2595002
16,Moises,Wallentin,13-8174070
16,Bond,Gossage,31-0855586
10,Didi,Gabriely,40-4727484
1,Charmaine,Beyer,33-8407640
4,Innis,Argrave,22-4587227
0,Myrtle,Dadge,84-2350857
6,Anabella,Oxborough,16-9233590
11,Ikey,Caslake,62-7236781
10,Raye,Von Welden,99-5355723
16,Ingeborg,Hylton,25-4061427
0,Danell,Deverall,05-3638008
0,Bernarr,Michele,81-5802892
0,Jenilee,Molesworth,83-6834263
7,Winnie,Burfoot,54-7945179
15,Grete,Gregoratti,74-5275157
0,Moreen,Mattecot,78-8994045
6,Stanwood,Harbard,03-2112042
12,Pacorro,Ranstead,73-1244478
0,Kurtis,Stebbing,33-6063987
5,Steffen,Blockley,68-5227880
3,Rasla,Eatock,13-4611100
14,Moyra,Solloway,92-3151526
11,Enrique,Ducarne,14-6193588
7,Torr,Netting,55-7409166
10,Franni,Josh,75-8146046
15,Vernice,Devanney,84-8327143
11,Colin,Hutton,73-0640509
11,Lilah,Croke,88-7395770
1,Reynard,Jeanet,18-9586827
9,Armand,Sargerson,29-8169883
16,Norean,Semarke,60-1788514
0,Adelaide,Beldan,75-8087300
9,Philipa,Walkowski,09-8326835
1,Gustave,Tune,32-4048519
7,Pall,Petlyura,41-2978652
6,Herbie,Lindroos,42-6132484
15,Averil,Lamberti,88-4465545
14,Hubie,Van der Hoven,99-2731488
3,Olimpia,Robbel,04-8803521
16,Lianna,Earney,63-1584402
0,Jeremias,Watling,39-6072254
16,Ferrel,Karby,99-1958718
16,Fairleigh,Nitto,11-2668490
10,Gaston,Denge,59-3021332
16,Eydie,O'Fielly,49-2000679
2,Stinky,Dombrell,34-7999823
8,Hana,Owlner,88-1056050
6,Carmine,Swanwick,83-1853805
0,Odey,Pock,69-5619570
0,Ash,Stonner,98-5589047
4,Corbie,Spolton,30-5574776
1,Eddie,MacCallister,78-8865041
13,Ciel,Keetch,80-5096547
7,Romola,Dunne,10-6261410
0,Cherin,Semechik,94-1708786
0,Jo-ann,Week,24-1784780
8,Jillana,Fehely,06-3215891
2,Agnes,Silmon,92-0496034
10,Ediva,Fynn,41-7642958
10,Napoleon,Muckloe,76-5650219
5,Danna,Saye,62-5699770
3,Bob,Roddick,87-7052592
16,Berkly,Le Maitre,66-1154106
0,Wendell,Tatershall,23-1682784
16,Delmor,Botten,40-3646960
10,Kelby,Wadworth,79-4093527
8,Chantal,Jeary,76-6496527
0,Mendel,Starcks,93-5536856
0,Madeline,Balch,56-0032446
5,Norean,Seagar,69-0149541
16,Libbie,Padden,86-7482790
2,Kessiah,Markel,16-0461016
0,Berte,Guyer,46-8933061
3,Korella,Muris,11-3329704
0,Rickey,Rudgley,34-3922847
16,Kizzie,Woodcraft,27-3203142
9,Ginnifer,Riddiford,66-8851638
9,Rancell,Touzey,86-1635471
5,Minda,Tyreman,06-2322741
3,Ivory,Leal,34-0936306
3,Flossie,Giovanazzi,65-6640360
8,Dalli,Neaves,34-4456197
7,Maynord,Burras,27-4230141
14,Trixy,Galia,13-4374316
9,Malorie,Schanke,61-3867085
9,Freddy,Genese,98-6153785
6,Fernandina,Maylin,15-6246963
4,Rossy,Delves,31-8230318
1,Antonella,Monk,92-3147032
3,Stavro,McLaughlin,86-4693089
13,Elnore,Boone,35-3669536
5,Dallon,Lias,47-1382284
2,Isabelle,Gowar,54-7971748
12,Jeanette,Blunn,98-8936884
16,Inglebert,Yitshak,01-7666118
16,Hillier,Bemwell,15-8815102
0,Mandel,Hayselden,93-5902280
8,Ursala,McGilvray,58-6009240
8,Ethelin,Mews,07-3125492
12,Oswald,Bradfield,62-0187985
5,Klaus,Mauchlen,70-3374343
6,Halimeda,Howsego,38-0864106
13,Sibylle,Peele,49-7065909
2,Marlo,Atteridge,36-8475719
0,Sax,Keyhoe,90-4898891
6,Whitman,D'Aulby,00-6548845
10,Georgia,Druce,71-2395071
12,Meghann,Skoyles,12-6604470
9,Gaven,Lukock,28-7690284
4,Roth,Cabral,06-4722502
5,Prudi,Gammade,78-1313027
8,Hilton,Elia,13-8161197
0,Flossy,Zemler,59-2609967
4,Peterus,Zorzi,14-7242830
15,Vic,Ciobutaro,57-0902206
14,Adolph,Stoner,39-1630133
0,Perry,Thecham,58-3787096
16,Monika,Kaminski,16-1946074
9,Antonella,Cullinane,28-8697604
10,Prudence,Cudihy,67-2408886
13,Kerby,Youtead,69-5097397
2,Saundra,Bertrand,91-1487288
7,Raymund,Dericot,10-3596598
2,Blake,Zack,86-1498310
4,Amelia,Conradie,87-5819065
16,Lydie,Lehmann,87-7242589
16,Wynne,Galliard,55-1824468
8,Caryn,Dog,16-0463174
13,Blinny,Giovanardi,80-3086253
16,Leroy,Guerri,04-0700365
3,Maryann,Zukerman,75-1239040
9,Aurelea,Minshull,49-5516059
4,Georg,Dennistoun,06-0368888
12,Nathanael,Duff,05-9012661
0,Whitby,Wrigglesworth,59-8567484
16,Milty,Ager,56-4639309
8,Perle,Gidley,87-1715252
16,Frederick,Huggan,79-5144592
1,Christian,Bumfrey,24-7524730
0,Dalila,Ferreli,92-9835144
7,Cointon,Grief,58-1375285
0,Jeth,Gavriel,49-7033979
4,Hilarius,MacGowan,74-2962074
4,Bennie,Langelay,25-0621257
14,Jordan,Mains,73-8912876
0,Raye,VanBrugh,72-7141440
16,Krystalle,Farish,25-9622149
12,Marlyn,Espinos,09-8901585
4,Tonnie,Toghill,51-0064435
11,Kennett,Baumer,14-0880605
0,Sondra,Stuchbery,60-1216384
4,Arlee,Greenhouse,82-3156774
12,Kalindi,Giraudot,99-2341634
0,Sephira,Sheards,90-2345132
0,Victoria,O'Kuddyhy,61-0078161
7,Adam,Renahan,61-8984708
7,Adelina,Mattaus,60-5021497
16,Irving,Hadwen,90-8676704
16,Coraline,Collis,52-4427935
16,Alvira,Lavery,34-5783003
12,Mabel,Dewberry,21-2104807
5,Etienne,Diss,61-2974551
4,Aubine,Stivers,85-3511074
11,Liam,Trelease,77-1634644
1,Simone,Brighty,11-1096594
5,Carmelita,Ridder,69-7898473
6,Rebekah,Abbatt,64-7934263
3,Ivette,Tofanelli,59-3827557
11,Henrietta,Hrishanok,65-2931563
0,Seward,Zuenelli,67-2594288
0,Tilly,Diver,27-1168208
12,Agnola,Kewzick,47-8710981
3,Rey,Gascoyen,16-1381055
8,Marcello,Faughnan,73-2002647
8,Smith,Warbys,01-5917461
0,Marianna,Gibbens,63-4740121
7,Katinka,Hannant,27-4331007
3,Penn,Wraxall,97-5460388
5,Augustina,Cronin,63-0595943
2,Blinny,Condon,62-9100206
9,Allen,Guiett,28-7565100
12,Lynn,Birchill,96-5797245
0,Lamond,Pruvost,29-4030250
3,Devon,Pilkington,89-2275330
11,Willamina,Vanetti,41-1280376
13,Nan,Mingus,91-8374812
3,Bari,Domenichini,35-2057927
10,Misha,Menco,56-0759898
11,Gerianne,Dyball,16-5785051
6,Hersh,Gostridge,13-1019330
4,Raynard,Clarae,36-3393630
6,Theresita,Greenough,75-0054086
14,Cecile,Hoston,92-1183514
1,Emogene,Todaro,10-1196545
0,Neal,Willicott,62-8308002
12,Anabal,Heyball,50-4611022
8,Annalise,Dorsett,45-2418887
6,Francis,Pattle,60-5614496
8,Nolly,Pietrasik,09-8002241
13,Tracie,Findlow,81-8728995
0,Nicol,Binney,64-9727087
7,Shaine,Hutsby,84-5881890
4,Marleah,Knoller,74-2017621
16,Anabelle,Pagen,95-7102173
0,Amory,Giametti,84-7074417
13,Jordan,Neate,71-1773043
6,Cookie,Udey,61-8155559
14,Portie,Bourges,73-8889380
12,Kendre,O'Deegan,75-0995716
7,Farra,Rideout,38-4161933
14,Zaccaria,Clemoes,29-4230154
0,Kippie,Carnall,12-2468091
5,Dorella,Littell,67-9873731
15,Gertrude,Perring,56-6276447
8,Harmony,Benettini,46-2442739
6,Sara-ann,Bernadot,84-1185550
4,Prisca,Lumsdaine,13-8621759
6,Kessia,Bryns,21-8386147
14,Bill,Balsom,55-5366154
0,Sissy,Lefeaver,86-7892674
0,Janka,Morrad,42-8393422
10,Maude,Leversha,69-6673867
16,Drake,Larimer,49-5618623
15,Tillie,Gotcher,27-4044164
15,Paulita,Mant,52-2859471
12,Gian,Stoyles,06-3738763
1,Mateo,Jacklin,07-3197481
16,Donella,Pittham,02-0816270
0,Anne,Kimmel,48-7375533
12,Doti,Delnevo,11-6184047
10,Whittaker,Seabon,25-5396316
11,Lara,Normadell,12-7905168
15,Saunders,Simenon,40-9162373
12,Kurtis,Wemes,98-4517435
4,Renie,Eubank,14-2348608
0,Ethelind,Rooze,81-3756942
5,Bryn,Urvoy,63-5488075
11,Jan,Pietruszka,41-6283763
8,Karine,Armatys,71-0183556
16,Dorian,Stockney,61-3274482
7,Netta,Brandin,47-1288013
1,Bernadina,Presdie,24-4570308
7,Row,Bentall,47-6245825
11,Adrian,Macak,88-9603223
0,Bernita,Grishunin,37-6273760
7,Corissa,Weinmann,24-6132770
7,Quint,Lantry,80-7456473
10,Karel,Sparrowhawk,87-2582452
0,Perren,Audus,95-8143388
11,Jillane,Currey,40-3129248
4,Jane,Fernihough,00-2582599
6,Zedekiah,Burr,83-9311278
0,Carree,Illingworth,07-1561723
15,Reinhold,Dakhno,50-6514746
6,Germayne,Hatherill,40-5256148
8,Dorrie,Threadgold,34-4231153
13,Nevile,Kanzler,83-5468645
12,Lanie,McCusker,64-1197727
15,Annadiana,Twohig,02-2985859
0,Linnet,Ecclestone,18-6290945
9,Janeen,Zanelli,48-6816194
3,Danella,Ellard,51-7822852
16,Diena,Goble,16-4387907
1,Sherline,Cowling,80-7934584
13,Elwin,Lardez,92-0614256
4,Elmira,Clapshaw,05-5109328
7,Redd,Helix,70-6338495
12,Clive,Mowsdill,85-5367529
2,Karol,Girardeau,25-5007971
1,Paula,Round,53-4417260
0,Ashli,Darlow,96-7004328
11,Mannie,Collisson,87-8302153
12,Kaye,Clemerson,27-4452686
10,Stirling,Sarfati,27-8534929
16,Rock,Cullerne,36-1924815
8,Mahmoud,Gruby,74-2450868
11,Jerrylee,Jimes,27-1060007
16,Georas,Urwen,36-2235763
5,Vanya,O'Loughnan,24-3888905
0,Doralynne,Brusin,65-2132520
7,Alvis,Haggard,43-9167729
10,Alexander,Lamont,49-2349274
12,Ilsa,de Voiels,41-0385473
16,Frayda,Carpenter,03-8815501
0,Monroe,Lambe,89-7003928
10,Wheeler,Parmley,60-8128719
0,Padraic,MacHoste,21-9555971
4,Nina,Synan,45-4658896
15,Yoshiko,Troyes,02-1509549
9,Terencio,Kindleysides,72-8054066
6,Ali,Wabersich,93-0077855
16,Delmar,Gandley,41-0718844
13,Lionel,Roots,36-0802863
0,Guglielmo,Kirrens,30-5641141
3,Jessalin,Reed,95-9456013
15,Keir,Cave,34-8870919
12,Foss,Scotchmor,82-3525843
12,Vincents,McOwan,59-8662393
7,Tilly,Snowding,40-5969753
8,Florida,Hobbing,37-6522494
13,Faustina,Molyneux,44-9847365
13,Meaghan,Muckeen,83-7512490
5,Clement,Newham,79-1183353
0,Kirbee,Molloy,98-9745633
2,Townie,Ringsell,67-7656201
9,Aloin,Foale,86-2047468
15,Hamel,Molesworth,22-4935702
14,Nathanil,Gimbart,52-9679445
15,Fitz,Sentance,85-5940126
7,Dasie,Capey,61-9531792
0,Krisha,Slayny,23-2516385
8,Diego,Edison,96-0255652
16,Benson,Syme,91-5752497
12,Joseph,Bumpass,55-1385545
8,Diane,Domengue,42-5103221
3,Ambrosi,Rosborough,27-6756487
13,Teodoro,Marlen,67-3757813
3,Consuela,Gregan,68-5443563
16,Maighdiln,Corpe,70-9017752
3,Gabriello,Bartolomucci,02-4222432
0,Lil,Guswell,42-0557456
15,Kellie,Swyn,05-8805705
4,Gallard,Storres,72-1959919
8,Edithe,Delicate,67-2109201
16,Germana,Oxteby,05-4196227
11,Prisca,Bretelle,87-3785614
12,Hy,Challenor,05-5348534
7,Matthew,Gravet,16-7476609
16,Patton,Glendinning,22-4407546
3,Zelma,Novkovic,91-0699250
4,Margie,Lorey,52-6679175
7,Raven,Wheal,10-3570314
2,Artemas,Fearnall,27-2990218
3,Deerdre,Griswaite,31-9756383
9,Eduard,Boman,72-2672007
1,Niccolo,Rotge,76-2927316
13,Gilbertina,MacCoughen,31-6561030
3,Derek,Cortes,53-1594838
10,Vivianne,Grute,00-8434500
4,Russell,Thorby,78-0383633
0,Joey,Huey,84-6134242
0,Vlad,Antonomolii,51-9924821
5,Bobbie,Boakes,46-0155150
4,Simone,Purviss,64-7919997
12,Beatriz,Knowles,31-4406726
2,Malvin,McLese,87-2021364
16,Beret,Brokenshire,53-6513831
13,Layne,Chrichton,84-3623489
16,Wilt,Askey,54-8774196
0,Emery,Puve,99-8347061
13,Dexter,Crosher,67-7461442
16,Brandais,Rosbrough,48-5070539
14,Adair,Schrir,12-3107883
9,Nye,Keeri,40-3998816
16,Katuscha,Testo,56-4818206
13,Malvin,Lewinton,84-4320514
6,Oran,Broderick,22-5652189
7,Far,Dilleway,06-3012992
7,Deerdre,Marrington,87-6596813
16,Adelheid,Dupey,96-3132936
16,Carmelia,Grenter,95-3574037
3,Marcela,Bruniges,44-1640960
1,Marve,Thon,69-3376568
2,Valma,Gromley,74-2166518
0,Robinia,Cristoforetti,94-1066962
11,Dania,Wetton,55-2289353
13,Latrena,Loukes,43-8555037
3,Phillipe,Ivett,50-3015292
9,Darla,Josilowski,61-1884713
13,Nils,Colegrove,36-4105043
12,Mariann,Winn,11-3221629
8,Staford,Cammish,76-5862386
10,Paulie,Guichard,36-9797374
7,Dorthy,Baud,82-9296164
2,Timotheus,Wrist,95-6798973
4,Bernetta,Mithon,23-1313327
10,Basile,Fortey,67-6689312
0,Gretna,Cardoe,91-9113716
7,Cozmo,Revening,41-2407846
9,Irita,Blemen,29-2563922
16,Onfre,Norman,71-1164315
12,Raye,Ivancevic,56-2850836
6,Alic,Postill,60-6466107
8,Nikola,Kervin,21-7007665
4,Carlo,Kestell,36-5533759
0,Nerte,Spottiswoode,38-4291246
15,Tedd,Bantham,67-3232689
7,Max,Prendeville,92-8710847
15,Adrea,Kenryd,04-0313339
5,Vincenty,Mullin,68-1771216
3,Boonie,Peiser,60-0838412
12,Doll,Najara,24-1586699
15,Blane,Coltan,31-7906688
4,Dean,Berkeley,21-5965828
6,Gabi,Keyson,58-5890593
1,Kameko,Batecok,64-2490570
4,Sampson,Chatin,84-9668634
15,Moises,Lessmare,95-4415741
15,Ardine,Addington,34-3215919
1,Fleur,Pinchbeck,70-6476587
14,Tucker,Lownie,71-9096244
11,Dru,Obern,54-4718279
10,Van,Hedditch,70-7328311
15,Taylor,Mulcahy,94-9381301
6,Lilian,Abrahamsohn,99-8488033
3,Joe,Warfield,38-3340039
16,Kelcy,Devo,17-7928178
6,Filmore,Di Batista,70-2550464
10,Traci,Blonfield,14-1176897
9,Derwin,Uzielli,75-3389695
5,Udell,Seilmann,81-3280957
0,Beck,Fotherby,30-9865770
1,Dyan,Lashmore,89-6926598
16,Anneliese,Sulman,08-8637950
16,Cahra,Sawtell,23-1536304
6,Doralynne,McCray,71-4141541
5,Rabi,Cherrington,12-7631785
13,Winslow,Castellani,08-0967551
16,Drusy,Bonds,64-6259882
10,Richy,Faulconer,97-7108629
12,Jillane,Clooney,24-2714305
11,Claudio,Brumbie,50-6436686
13,Wat,Crenshaw,14-3690391
15,Agathe,Tole,22-6254046
16,Nils,Friend,20-5476717
0,Lucie,Sheerman,66-2848182
2,Corbet,Benne,71-9349814
10,Kakalina,Rosenbarg,11-4164531
0,Pooh,Bockmann,01-2552564
10,Robbert,Cammis,08-5928272
13,Gregoor,Mooney,03-8782541
0,Harmonie,Parmby,09-0511959
6,Analise,Gellett,70-2366460
6,Martin,Hedditeh,47-1932066
5,Lorens,Cowderay,31-0530253
11,Ambrosius,Ayers,82-4549115
16,Heinrick,Pickring,59-9880386
1,Kasper,Spiers,15-1196701
14,Corry,Vallery,95-5823245
0,Freddie,Greatex,29-7745255
11,Madeleine,Abrahamson,95-3123792
8,Louie,Dirkin,30-9731353
13,Colan,Sarll,09-4913236
16,Babs,Antonio,25-5001647
6,Aldrich,Duffield,63-1286785
10,Bennie,Roizn,39-4521357
4,Reinald,Radborne,50-8185390
10,Sebastian,Burkwood,14-3371214
11,Enrica,Bugge,64-8423184
1,Elton,Giorio,33-0512984
16,Dot,Ferres,68-9841193
11,Charmine,Shipton,60-5117603
0,Celie,Ellam,36-5155530
16,Nikki,Tonbridge,50-2305964
0,Rona,Ratcliff,95-0777763
11,Emlyn,Littlepage,19-5560886
2,Wilow,West,89-7138324
0,Casey,Braikenridge,16-4363793
5,Bancroft,Minget,49-1681552
7,Barde,Brentnall,27-7944330
7,Nanon,Chavey,76-8602510
0,Lorrin,Matzke,62-1778447
0,Freda,Goodenough,79-2364547
6,Thacher,Bastin,99-6338559
6,Myrilla,Flockhart,39-0066308
10,Leah,Bluschke,49-8685883
0,West,Birtwistle,23-0727891
11,Teri,Berger,52-1781503
0,Querida,Henze,66-6396096
0,Gaelan,McDaid,33-0946386
13,Hew,Hardson,90-3938337
13,Rosanne,Nassy,55-1323578
2,Freeman,Matuszkiewicz,01-8031227
15,Marylin,Elesander,74-0618419
4,Andrej,Renfrew,00-3933112
1,Ilysa,Zmitruk,49-5478042
0,Orin,Gummary,96-7096980
15,Leonid,Langshaw,03-1008154
0,Bethena,Lorentzen,63-6901493
7,Nickolai,Gittings,98-1601593
0,Malina,Swaffield,08-6360665
12,Datha,Porritt,18-6551203
5,Bogart,Bissell,04-4060649
11,Gus,Campelli,58-0756397
0,Binny,Heineken,44-6939269
16,Cass,Ellison,12-1497854
16,Michelina,Rothert,52-0815132
5,Thomasin,Othick,00-1892210
16,Caressa,Edgeson,17-0423081
0,Josh,Guyonnet,61-4437402
3,Palm,Lumbers,23-2163961
0,Otha,Charlick,09-3668544
3,Alia,Swadling,72-0294647
7,Edlin,Foister,13-4607405
3,Parker,Whitear,85-8911452
0,Barnebas,Babst,71-5666152
7,Goddart,Klaas,33-6926296
10,Cele,Wurst,68-4775996
5,Tallie,Fellenor,64-4135912
9,Roch,McKeggie,93-5285937
13,Chandra,Richarz,78-3758354
10,Doti,Giorio,68-0528779
8,Iorgos,Hyndman,89-9389617
3,Lindy,Bittlestone,47-3751433
14,Bradly,Wyman,79-7102516
0,Franky,Arrighini,08-5950628
0,Serge,Shenley,58-7211477
0,Adelice,Dudmesh,70-9878387
3,Katerina,Lidgard,94-3854154
1,Clarabelle,Riggs,87-5253135
16,Adaline,Bretherton,35-3777690
1,Jed,Sangwine,76-7372275
4,Legra,Pedron,76-2728113
11,Lu,Shackesby,06-1939684
6,Konstantin,Saladino,64-1879840
11,Bartlett,Toth,01-9662997
8,Wilbur,Percy,44-8927550
0,Jason,Glynne,73-8794324
15,Jerrylee,Offill,95-2852967
2,Marcus,Cowans,81-4097880
8,Katee,Kynson,57-2161901
6,Karita,Raddenbury,03-5201228
12,Wilbert,Lesly,89-4819958
15,Ericha,Theuss,56-7913364
6,Savina,Henzer,26-8650291
13,Bernice,Keat,43-8778009
2,Aeriell,Shawyer,17-6932422
1,Milt,Leake,31-8733124
1,Cosetta,Osmant,51-3980812
3,Tucker,Coweuppe,29-0576662
4,Corrie,Fleg,13-5274225
16,Dorri,Filoniere,19-5838649
16,Kissee,Burle,97-4268068
8,Kristine,Woltman,33-1191468
10,Philbert,Claiton,86-6474174
7,Davide,Daelman,76-6014655
16,Elfrieda,MacClay,52-8899044
11,Candida,Tumulty,75-6962836
14,Blair,Larmor,02-6259810
12,Park,Rupp,18-2782657
1,Barny,Storck,77-9446573
9,Selene,Percy,64-6933677
0,Mikol,Fearnsides,79-0002128
8,Winslow,Newland,97-2807488
